        INSERT INTO LABORATORIO (ID_laboratorio, nombre, cantidad_equipos, videobeam) VALUES (1, 'Redes', 8, 1);
        INSERT INTO LABORATORIO (ID_laboratorio, nombre, cantidad_equipos, videobeam) VALUES (2, 'Plataformas', 12, 1);
        INSERT INTO LABORATORIO (ID_laboratorio, nombre, cantidad_equipos, videobeam) VALUES (3, 'Quimica', 13, 1);
        INSERT INTO LABORATORIO (ID_laboratorio, nombre, cantidad_equipos, videobeam) VALUES (4, 'B0', 20, 0);
        INSERT INTO SISTEMA_OPERATIVO (ID_sistema_operativo, nombre, version) VALUES (1, 'Windows', '8.1');
        INSERT INTO SISTEMA_OPERATIVO (ID_sistema_operativo, nombre, version) VALUES (2, 'Windows', '10');
        INSERT INTO SISTEMA_OPERATIVO (ID_sistema_operativo, nombre, version) VALUES (3, 'Ubuntu', '14.4');
        INSERT INTO SISTEMA_OPERATIVO (ID_sistema_operativo, nombre, version) VALUES (4, 'Android', '1.2');
        INSERT INTO LABORATORIO_SISTEMA_OPERATIVO VALUES (1, 1);
        INSERT INTO LABORATORIO_SISTEMA_OPERATIVO VALUES (2, 1);
        INSERT INTO LABORATORIO_SISTEMA_OPERATIVO VALUES (1, 2);
        INSERT INTO LABORATORIO_SISTEMA_OPERATIVO VALUES (2, 3);        
        INSERT INTO USUARIO VALUES (1, 'Pipe', 'Pipe@hotmail.com', 2);
        INSERT INTO USUARIO VALUES (2, 'Andrés', 'andres@hotmail.com', 1);
        INSERT INTO USUARIO VALUES (3, 'Felipe', 'felipe@adas.com', 1);
        INSERT INTO USUARIO VALUES (4, 'juan', 'juan@sdfsdm.do', 3);
        INSERT INTO SOFTWARE VALUES (1, 'Mathematica', '2.00');
        INSERT INTO SOFTWARE VALUES (2, 'TeamViewer', '11');
        INSERT INTO SOFTWARE VALUES (3, 'Spotify', '6');
        INSERT INTO SOFTWARE VALUES (4, 'Netbeans', '8');
        INSERT INTO SOFTWARE_LABORATORIO VALUES (2, 1);
        INSERT INTO SOFTWARE_LABORATORIO VALUES (3, 1);
        INSERT INTO SOFTWARE_LABORATORIO VALUES (3, 2);
        INSERT INTO SOFTWARE_LABORATORIO VALUES (3, 4);
        INSERT INTO SOLICITUD (ID_solicitud, Laboratorio_id, ID_software, Link_licencia, Link_descarga, Estado, Fecha_radicacion, Fecha_posible_instalacion, Fecha_respuesta, Justificacion, Usuario_id, ID_sistema_operativo) VALUES (1, 1, 1, 'www.lic.com', 'www.des.com', null, '2015-11-12', null, null, null, 1, 2);
        INSERT INTO SOLICITUD (ID_solicitud, Laboratorio_id, ID_software, Link_licencia, Link_descarga, Estado, Fecha_radicacion, Fecha_posible_instalacion, Fecha_respuesta, Justificacion, Usuario_id, ID_sistema_operativo) VALUES (2, 2, 2, 'www.lic.com', 'www.des.com', null, '2015-11-12', null, null, null, 3, 1);
        INSERT INTO SOLICITUD (ID_solicitud, Laboratorio_id, ID_software, Link_licencia, Link_descarga, Estado, Fecha_radicacion, Fecha_posible_instalacion, Fecha_respuesta, Justificacion, Usuario_id, ID_sistema_operativo) VALUES (3, 3, 3, 'www.lic.com', 'www.des.com', 'aprobada', '2015-11-12', '2015-11-24', null, null, 2, 1);
        INSERT INTO SOLICITUD (ID_solicitud, Laboratorio_id, ID_software, Link_licencia, Link_descarga, Estado, Fecha_radicacion, Fecha_posible_instalacion, Fecha_respuesta, Justificacion, Usuario_id, ID_sistema_operativo) VALUES (4, 4, 4, 'www.lic.com', 'www.des.com', 'negada', '2015-11-12', null, null, 'Imposible', 4, 3);